{"train/loss": 1.0056, "train/learning_rate": 1.5659254619480113e-08, "train/epoch": 200.0, "train/global_step": 1277200, "_timestamp": 1699337996.8084888, "_runtime": 51435.76415395737, "_step": 2755, "eval/loss": 1.028967022895813, "eval/r": 0.6146112084388733, "eval/runtime": 26.8527, "eval/samples_per_second": 59.286, "eval/steps_per_second": 59.286, "train/train_runtime": 51411.3755, "train/train_samples_per_second": 24.843, "train/train_steps_per_second": 24.843, "train/total_flos": 5062134617469600.0, "train/train_loss": 1.0461999570498302, "_wandb": {"runtime": 51435}}